Workbook

Sheet Cover
B2: TEST CASE
B4: Project Name | C4: Hybrid framework | F4: Creator | G4: ThanhVu
B5: Project Code | C5: DA4 | F5: Reviewer/Approver
B6: Document Code | C6: =C5&"_"&"XXX"&"_"&"vx.x" -> DA4_XXX_vx.x | F6: Issue Date | G6: 23/09/26
F7: Version
B10: Record of change
B11: Effective Date | C11: Version | D11: Change Item | E11: *A,D,M | F11: Change description | G11: Reference
B12: 23/09/26 | C12: 1.0 | D12: 1,2,3,4,5 | E12: A | F12: Writing TC

Sheet Test case List
B2: TEST CASE LIST
B4: Project Name | D4: =Cover!C4 -> Hybrid framework
B5: Project Code | D5: =Cover!C5 -> DA4
B6: Test Environment Setup Description | D6: •Trình duyệt: Chrome version 146.0.7680.76 •Thiết bị: CPU Intel Core i7, RAM 32GB •Hệ điều hành: Windows 11 Pro
B9: No | C9: Function Name | D9: Sheet Name | E9: Description | F9: Pre-Condition
B10: 1 | C10: Login | D10: 1. Login
B11: 2 | C11: Register | D11: 2. Register
B12: 3 | C12: Search | D12: 3. Search
B13: 4 | C13: Shopping Cart | D13: 4. Shopping Cart
B14: 5 | C14: Form Validation | D14: 5. Form Validation

Sheet 1. Login
B2: LOGIN
B4: Back to TestReport | C4: =HYPERLINK("#'Test case List'!A1","Test case List") -> Test case List | G4: Total | H4: =COUNTIF($A$11:$A$831, "LOGIN*") -> 14
B5: Module Code | C5: WEB-LOGIN | G5: Pass | H5: =(COUNTIF(H11:H19,"Pass")) -> 0
B6: Tester | G6: Fail | H6: =(COUNTIF(H11:H19,"Fail")) -> 0
G7: Untest | H7: =(COUNTIF(H11:H19,"Untest")) -> 0
B8: Percent Complete: | C8: =ROUND((H5 / (H4-H8))*100,2)&"%" -> 0% | G8: N/A | H8: =(COUNTIF(H11:H19,"N/A")) -> 0
A10: Test case ID | B10: Test Case Name | C10: Pre-Condition | D10: Test Case Steps | E10: Test Data | F10: Expected Output | G10: Bug ID | H10: Actual Result | I10: Note
A11: LOGIN-01 | B11: Đăng nhập thành công với tài khoản hợp lệ | C11: User đã có tài khoản hợp lệ, chưa đăng nhập | D11: 1. Truy cập trang login 2. Nhập username hợp lệ 3. Nhập password hợp lệ 4. Nhấn nút "Đăng nhập" | E11: username: validUser password: validPass@123 | F11: Đăng nhập thành công, chuyển hướng đến trang chủ/dashboard, hiển thị tên user
A12: LOGIN-02 | B12: Đăng nhập thất bại với sai password | C12: User đã có tài khoản hợp lệ | D12: 1. Truy cập trang login 2. Nhập username hợp lệ 3. Nhập password sai 4. Nhấn "Đăng nhập" | E12: username: validUser password: wrongPass | F12: Hệ thống hiển thị thông báo lỗi "Sai tài khoản hoặc mật khẩu", không cho đăng nhập
A13: LOGIN-03 | B13: Đăng nhập thất bại với username không tồn tại | C13: Không có tài khoản này trong hệ thống | D13: 1. Truy cập trang login 2. Nhập username không tồn tại 3. Nhập password bất kỳ 4. Nhấn "Đăng nhập" | E13: username: notExistUser password: anyPass | F13: Hiển thị thông báo lỗi phù hợp, không tiết lộ thông tin username có tồn tại hay không
A14: LOGIN-04 | B14: Bỏ trống cả username và password | C14: User chưa đăng nhập | D14: 1. Truy cập trang login 2. Để trống username, password 3. Nhấn "Đăng nhập" | E14: username: (trống) password: (trống) | F14: Hiển thị thông báo yêu cầu nhập đầy đủ thông tin (validation lỗi ở cả 2 field)
A15: LOGIN-05 | B15: Bỏ trống username | C15: User chưa đăng nhập | D15: 1. Để trống username 2. Nhập password hợp lệ 3. Nhấn "Đăng nhập" | E15: username: (trống) password: validPass@123 | F15: Hiển thị thông báo lỗi "Vui lòng nhập username", không submit form
A16: LOGIN-06 | B16: Bỏ trống password | C16: User chưa đăng nhập | D16: 1. Nhập username hợp lệ 2. Để trống password 3. Nhấn "Đăng nhập" | E16: username: validUser password: (trống) | F16: Hiển thị thông báo lỗi "Vui lòng nhập password", không submit form
A17: LOGIN-07 | B17: Kiểm tra ẩn/hiện ký tự password | C17: User đang ở trang login | D17: 1. Nhập password vào ô password 2. Nhấn icon "hiện mật khẩu" 3. Nhấn lại icon để ẩn | E17: password: Test@123 | F17: Password hiển thị dạng ký tự ẩn (***) mặc định; khi bấm icon thì hiện rõ ký tự nhập, bấm lại thì ẩn đi
A18: LOGIN-08 | B18: Kiểm tra tính năng "Ghi nhớ đăng nhập" (Remember me) | C18: User có tài khoản hợp lệ | D18: 1. Nhập username/password hợp lệ 2. Tick chọn "Remember me" 3. Đăng nhập thành công 4. Đóng và mở lại trình duyệt, truy cập lại app | E18: Remember me: checked | F18: Sau khi mở lại, hệ thống vẫn giữ trạng thái đăng nhập, không yêu cầu login lại
A19: LOGIN-09 | B19: Tài khoản bị khóa sau nhiều lần đăng nhập sai | C19: User có tài khoản hợp lệ, hệ thống có cơ chế khóa tài khoản | D19: 1. Nhập sai password liên tục đủ số lần quy định (VD 5 lần) 2. Thử đăng nhập lại lần tiếp theo | E19: password sai x5 lần | F19: Tài khoản bị khóa tạm thời, hiển thị thông báo "Tài khoản đã bị khóa, vui lòng thử lại sau X phút" hoặc liên hệ hỗ trợ
A20: LOGIN-10 | B20: Kiểm tra field password không hiển thị dạng plain text trên URL/log | C20: User có tài khoản hợp lệ | D20: 1. Đăng nhập với username/password hợp lệ 2. Kiểm tra URL và request sau khi submit | E20: username: validUser password: validPass@123 | F20: Password không xuất hiện dưới dạng plain text trên URL (áp dụng method POST, không lộ thông tin nhạy cảm)
A21: LOGIN-11 | B21: Đăng nhập với username/password có khoảng trắng thừa | C21: User có tài khoản hợp lệ | D21: 1. Nhập username có khoảng trắng đầu/cuối 2. Nhập password hợp lệ 3. Đăng nhập | E21: username: " validUser " password: validPass@123 | F21: Hệ thống tự động trim khoảng trắng thừa và đăng nhập thành công (hoặc theo đúng spec đã định nghĩa)
A22: LOGIN-12 | B22: Kiểm tra tính năng "Quên mật khẩu" | C22: User đang ở trang login | D22: 1. Nhấn link "Quên mật khẩu?" 2. Kiểm tra điều hướng | E22: N/A | F22: Điều hướng đúng đến trang reset password, hiển thị đầy đủ chức năng
... A24: LOGIN-14 | B24: Kiểm tra giới hạn độ dài ký tự nhập vào username/password | C24: User chưa đăng nhập | D24: 1. Nhập username/password vượt quá giới hạn ký tự cho phép 2. Nhấn "Đăng nhập" | E24: username: chuỗi 500 ký tự | F24: Hệ thống giới hạn số ký tự nhập vào (maxlength) hoặc hiển thị thông báo lỗi phù hợp

Sheet 2. Register
B2: REGISTER
B4: Back to TestReport | C4: =HYPERLINK("#'Test case List'!A1","Test case List") -> Test case List | G4: Total | H4: =COUNTIF($A$11:$A$832, "REGISTER*") -> 13
B5: Module Code | C5: WEB-REGISTER | G5: Pass | H5: =(COUNTIF(H11:H19,"Pass")) -> 0
B6: Tester | G6: Fail | H6: =(COUNTIF(H11:H19,"Fail")) -> 0
G7: Untest | H7: =(COUNTIF(H11:H19,"Untest")) -> 0
B8: Percent Complete: | C8: =ROUND((H5 / (H4-H8))*100,2)&"%" -> 0% | G8: N/A | H8: =(COUNTIF(H11:H19,"N/A")) -> 0
A10: Test case ID | B10: Test Case Name | C10: Pre-Condition | D10: Test Case Steps | E10: Test Data | F10: Expected Output | G10: Bug ID | H10: Actual Result | I10: Note
A11: REGISTER-01 | B11: Đăng ký thành công với thông tin hợp lệ | C11: User chưa có tài khoản, đang ở trang đăng ký | D11: 1. Truy cập trang đăng ký 2. Nhập đầy đủ thông tin hợp lệ (username/email, password, confirm password...) 3. Nhấn "Đăng ký" | E11: username: newUser01 email: newuser01@test.com password: Test@123 confirmPassword: Test@123 | F11: Đăng ký thành công, hiển thị thông báo thành công, chuyển hướng đến trang login hoặc trang chủ, tài khoản được lưu vào hệ thống
A12: REGISTER-02 | B12: Đăng ký với email/username đã tồn tại | C12: Email/username đã có trong hệ thống | D12: 1. Nhập email/username đã tồn tại 2. Nhập các thông tin còn lại hợp lệ 3. Nhấn "Đăng ký" | E12: email: existing@test.com | F12: Hiển thị thông báo lỗi "Email/Username đã được sử dụng", không tạo tài khoản mới
A13: REGISTER-03 | B13: Bỏ trống các trường bắt buộc | C13: User chưa nhập gì | D13: 1. Để trống toàn bộ các trường 2. Nhấn "Đăng ký" | E13: Tất cả trường: (trống) | F13: Hiển thị thông báo validate lỗi tại từng trường bắt buộc, không submit form
A14: REGISTER-04 | B14: Nhập email sai định dạng | C14: User đang ở trang đăng ký | D14: 1. Nhập email sai định dạng 2. Nhập các trường còn lại hợp lệ 3. Nhấn "Đăng ký" | E14: email: userinvalid.com (thiếu @) | F14: Hiển thị thông báo lỗi "Email không đúng định dạng", không submit form
A15: REGISTER-05 | B15: Password và Confirm Password không khớp | C15: User đang ở trang đăng ký | D15: 1. Nhập password 2. Nhập confirm password khác với password 3. Nhấn "Đăng ký" | E15: password: Test@123 confirmPassword: Test@456 | F15: Hiển thị thông báo lỗi "Mật khẩu xác nhận không khớp", không submit form
A16: REGISTER-06 | B16: Password không đủ điều kiện bảo mật (độ dài/ký tự đặc biệt) | C16: User đang ở trang đăng ký | D16: 1. Nhập password yếu (quá ngắn, không có ký tự đặc biệt/số...) 2. Nhấn "Đăng ký" | E16: password: 123 | F16: Hiển thị thông báo lỗi yêu cầu password đáp ứng điều kiện (VD: tối thiểu 8 ký tự, có chữ hoa, số, ký tự đặc biệt)
A17: REGISTER-07 | B17: Kiểm tra ẩn/hiện ký tự password và confirm password | C17: User đang ở trang đăng ký | D17: 1. Nhập password và confirm password 2. Nhấn icon hiện mật khẩu ở từng ô 3. Nhấn lại để ẩn | E17: password: Test@123 | F17: Mặc định ẩn ký tự (***); khi bấm icon thì hiện rõ, bấm lại thì ẩn lại, áp dụng đúng cho từng ô riêng biệt
A18: REGISTER-08 | B18: Đăng ký với số điện thoại sai định dạng (nếu có field này) | C18: User đang ở trang đăng ký | D18: 1. Nhập số điện thoại sai định dạng (chứa chữ, thiếu số...) 2. Nhấn "Đăng ký" | E18: phone: abc123 hoặc 0123 | F18: Hiển thị thông báo lỗi "Số điện thoại không hợp lệ", không submit form
A19: REGISTER-09 | B19: Kiểm tra checkbox điều khoản sử dụng (Terms & Conditions) chưa được tick | C19: User đã nhập đầy đủ thông tin hợp lệ nhưng chưa tick điều khoản | D19: 1. Nhập đầy đủ thông tin hợp lệ 2. Không tick checkbox "Đồng ý điều khoản" 3. Nhấn "Đăng ký" | E19: checkbox: unchecked | F19: Hiển thị thông báo yêu cầu đồng ý điều khoản trước khi đăng ký, không submit form
A20: REGISTER-10 | B20: Kiểm tra giới hạn độ dài ký tự nhập vào các trường | C20: User đang ở trang đăng ký | D20: 1. Nhập dữ liệu vượt quá giới hạn ký tự cho phép ở từng field 2. Nhấn "Đăng ký" | E20: username: chuỗi 500 ký tự | F20: Hệ thống giới hạn maxlength hoặc hiển thị thông báo lỗi phù hợp, không submit dữ liệu vượt giới hạn
A21: REGISTER-11 | B21: Đăng ký với username/password có khoảng trắng thừa | C21: User đang ở trang đăng ký | D21: 1. Nhập username có khoảng trắng đầu/cuối 2. Nhập các trường còn lại hợp lệ 3. Nhấn "Đăng ký" | E21: username: " newUser02 " | F21: Hệ thống tự động trim khoảng trắng thừa và đăng ký thành công (hoặc xử lý theo đúng spec đã định nghĩa)
A22: REGISTER-12 | B22: Truy cập chức năng khi chưa xác thực email | C22: User đăng ký thành công nhưng chưa xác thực email | D22: 1. Đăng ký tài khoản 2. Không xác thực email 3. Thử đăng nhập vào hệ thống | E22: N/A | F22: Hệ thống chặn đăng nhập hoặc giới hạn chức năng, hiển thị thông báo yêu cầu xác thực email trước
A23: REGISTER-13 | B23: Điều hướng từ trang đăng ký sang trang đăng nhập | C23: User đang ở trang đăng ký | D23: 1. Nhấn link "Đã có tài khoản? Đăng nhập" | E23: N/A | F23: Điều hướng chính xác đến trang đăng nhập

Sheet 3. Search
B2: SEARCH
B4: Back to TestReport | C4: =HYPERLINK("#'Test case List'!A1","Test case List") -> Test case List | G4: Total | H4: =COUNTIF($A$11:$A$828, "SEARCH*") -> 18
B5: Module Code | C5: WEB-SEARCH | G5: Pass | H5: =(COUNTIF(H11:H17,"Pass")) -> 0
B6: Tester | G6: Fail | H6: =(COUNTIF(H11:H17,"Fail")) -> 0
G7: Untest | H7: =(COUNTIF(H11:H17,"Untest")) -> 0
B8: Percent Complete: | C8: =ROUND((H5 / (H4-H8))*100,2)&"%" -> 0% | G8: N/A | H8: =(COUNTIF(H11:H17,"N/A")) -> 0
A10: Test case ID | B10: Test Case Name | C10: Pre-Condition | D10: Test Case Steps | E10: Test Data | F10: Expected Output | G10: Bug ID | H10: Actual Result | I10: Note
A11: SEARCH-01 | B11: Tìm kiếm thành công với từ khóa hợp lệ, có kết quả | C11: User đang ở trang có chức năng tìm kiếm | D11: 1. Nhập từ khóa hợp lệ vào ô tìm kiếm 2. Nhấn nút Search hoặc Enter | E11: keyword: "Laptop" | F11: Hệ thống trả về danh sách kết quả phù hợp với từ khóa, hiển thị đúng số lượng/kết quả liên quan
A12: SEARCH-02 | B12: Tìm kiếm với từ khóa không tồn tại kết quả | C12: User đang ở trang tìm kiếm | D12: 1. Nhập từ khóa không có trong dữ liệu hệ thống 2. Nhấn Search | E12: keyword: "xyzkhongtontai123" | F12: Hiển thị thông báo "Không tìm thấy kết quả phù hợp", không hiển thị danh sách sản phẩm/dữ liệu
A13: SEARCH-03 | B13: Tìm kiếm khi để trống ô input | C13: User đang ở trang tìm kiếm | D13: 1. Không nhập gì vào ô tìm kiếm 2. Nhấn nút Search | E13: keyword: (trống) | F13: Hệ thống hiển thị thông báo yêu cầu nhập từ khóa, hoặc hiển thị toàn bộ danh sách mặc định (tùy theo spec)
A14: SEARCH-04 | B14: Tìm kiếm với khoảng trắng thừa đầu/cuối từ khóa | C14: User đang ở trang tìm kiếm | D14: 1. Nhập từ khóa có khoảng trắng đầu/cuối 2. Nhấn Search | E14: keyword: " Laptop " | F14: Hệ thống tự động trim khoảng trắng, trả về kết quả giống như tìm kiếm "Laptop"
A15: SEARCH-05 | B15: Tìm kiếm không phân biệt hoa/thường | C15: User đang ở trang tìm kiếm | D15: 1. Nhập từ khóa viết hoa toàn bộ hoặc không đồng nhất hoa/thường 2. Nhấn Search | E15: keyword: "LAPTOP" hoặc "LapTop" | F15: Kết quả trả về giống như khi tìm kiếm bằng chữ thường "laptop"
A16: SEARCH-06 | B16: Tìm kiếm với từ khóa chỉ có khoảng trắng | C16: User đang ở trang tìm kiếm | D16: 1. Nhập chỉ dấu cách vào ô tìm kiếm 2. Nhấn Search | E16: keyword: " " | F16: Hệ thống coi như input trống, hiển thị thông báo yêu cầu nhập từ khóa hợp lệ
A17: SEARCH-07 | B17: Tìm kiếm với từ khóa vượt quá độ dài cho phép | C17: User đang ở trang tìm kiếm | D17: 1. Nhập chuỗi từ khóa rất dài vượt giới hạn ký tự 2. Nhấn Search | E17: keyword: chuỗi 500 ký tự | F17: Hệ thống giới hạn maxlength ô input hoặc hiển thị thông báo lỗi phù hợp, không gây lỗi hệ thống
A18: SEARCH-08 | B18: Kiểm tra kết quả tìm kiếm hiển thị đúng số lượng/phân trang | C18: User đã tìm kiếm ra danh sách kết quả nhiều hơn 1 trang | D18: 1. Tìm kiếm từ khóa có nhiều kết quả 2. Kiểm tra số lượng item hiển thị mỗi trang 3. Chuyển sang trang tiếp theo | E18: keyword: "Laptop" | F18: Số lượng kết quả hiển thị đúng theo cấu hình phân trang, dữ liệu ở các trang không trùng lặp, điều hướng trang hoạt động đúng
A19: SEARCH-09 | B19: Điều hướng đến trang chi tiết từ kết quả tìm kiếm | C19: User đã có danh sách kết quả tìm kiếm | D19: 1. Tìm kiếm từ khóa hợp lệ 2. Click vào 1 item trong danh sách kết quả | E19: keyword: "Laptop" → click item đầu tiên | F19: Điều hướng chính xác đến trang chi tiết của item đã chọn, dữ liệu hiển thị đúng với item đã click
A20: SEARCH-10 | B20: Áp dụng bộ lọc trên kết quả tìm kiếm | C20: User đã có danh sách kết quả tìm kiếm | D20: 1. Tìm kiếm từ khóa hợp lệ 2. Chọn 1 tiêu chí lọc (VD: thương hiệu, khoảng giá) 3. Áp dụng bộ lọc | E20: keyword: "Laptop" Filter: Brand = "Dell" | F20: Kết quả tìm kiếm được lọc thêm theo tiêu chí đã chọn, chỉ hiển thị item vừa khớp từ khóa vừa khớp bộ lọc
A21: SEARCH-11 | B21: Áp dụng nhiều tiêu chí lọc cùng lúc trên kết quả tìm kiếm | C21: User đã có danh sách kết quả tìm kiếm | D21: 1. Tìm kiếm từ khóa hợp lệ 2. Chọn nhiều tiêu chí lọc (VD: thương hiệu + khoảng giá + đánh giá) 3. Áp dụng bộ lọc | E21: keyword: "Laptop" Filter: Brand="Dell", Price=10-20tr | F21: Kết quả trả về thỏa mãn đồng thời từ khóa và tất cả tiêu chí lọc (logic AND), số lượng kết quả chính xác
A22: SEARCH-12 | B22: Lọc kết quả tìm kiếm không có dữ liệu phù hợp | C22: User đã có danh sách kết quả tìm kiếm | D22: 1. Tìm kiếm từ khóa hợp lệ 2. Áp dụng tổ hợp bộ lọc không có dữ liệu tương ứng | E22: keyword: "Laptop" Filter: Price=1000-2000tr | F22: Hiển thị thông báo "Không có kết quả phù hợp", không hiển thị danh sách item
... A28: SEARCH-18 | B28: Hiển thị đúng số lượng kết quả sau khi lọc | C28: User đã có danh sách kết quả tìm kiếm | D28: 1. Tìm kiếm từ khóa 2. Áp dụng bộ lọc 3. Kiểm tra label số lượng kết quả (VD: "X sản phẩm") | E28: keyword: "Laptop" Filter: Brand="Dell" | F28: Số lượng hiển thị khớp chính xác với số lượng item thực tế trả về sau khi lọc

Sheet 4. Shopping Cart 
B2: SHOPPING CART
B4: Back to TestReport | C4: =HYPERLINK("#'Test case List'!A1","Test case List") -> Test case List | G4: Total | H4: =COUNTIF($A$11:$A$833, "CART*") -> 13
B5: Module Code | C5: WEB-CART | G5: Pass | H5: =(COUNTIF(H11:H18,"Pass")) -> 0
B6: Tester | G6: Fail | H6: =(COUNTIF(H11:H18,"Fail")) -> 0
G7: Untest | H7: =(COUNTIF(H11:H18,"Untest")) -> 0
B8: Percent Complete: | C8: =ROUND((H5 / (H4-H8))*100,2)&"%" -> 0% | G8: N/A | H8: =(COUNTIF(H11:H18,"N/A")) -> 0
A10: Test case ID | B10: Test Case Name | C10: Pre-Condition | D10: Test Case Steps | E10: Test Data | F10: Expected Output | G10: Bug ID | H10: Actual Result | I10: Note
A11: CART-01 | B11: Thêm sản phẩm vào giỏ hàng thành công | C11: User đang ở trang danh sách/chi tiết sản phẩm | D11: 1. Chọn 1 sản phẩm 2. Nhấn nút "Thêm vào giỏ hàng" 3. Kiểm tra icon giỏ hàng và trang giỏ hàng | E11: Product: "Laptop Dell" Quantity: 1 | F11: Sản phẩm được thêm vào giỏ hàng thành công, số lượng item trên icon giỏ hàng tăng lên đúng, hiển thị thông báo/toast xác nhận
A12: CART-02 | B12: Thêm cùng 1 sản phẩm nhiều lần vào giỏ hàng | C12: Sản phẩm đã có sẵn trong giỏ hàng | D12: 1. Thêm sản phẩm A vào giỏ (lần 1) 2. Quay lại thêm sản phẩm A lần nữa | E12: Product: "Laptop Dell" x2 lần thêm | F12: Hệ thống gộp số lượng vào cùng 1 dòng sản phẩm (tăng quantity), không tạo dòng trùng lặp trong giỏ hàng
A13: CART-03 | B13: Cập nhật số lượng sản phẩm trong giỏ hàng | C13: Giỏ hàng đã có ít nhất 1 sản phẩm | D13: 1. Truy cập trang giỏ hàng 2. Tăng/giảm số lượng sản phẩm bằng nút +/- hoặc nhập trực tiếp 3. Kiểm tra lại thành tiền | E13: Quantity: 1 → 3 | F13: Số lượng được cập nhật chính xác, thành tiền (subtotal) của sản phẩm và tổng tiền giỏ hàng tự động tính lại đúng
A14: CART-04 | B14: Xóa sản phẩm khỏi giỏ hàng | C14: Giỏ hàng có ít nhất 1 sản phẩm | D14: 1. Truy cập trang giỏ hàng 2. Nhấn nút "Xóa"/icon thùng rác ở sản phẩm cần xóa 3. Xác nhận (nếu có popup confirm) | E14: Product: "Laptop Dell" | F14: Sản phẩm bị xóa khỏi danh sách giỏ hàng, tổng tiền và số lượng item được cập nhật lại chính xác
A15: CART-05 | B15: Giỏ hàng trống hiển thị đúng trạng thái | C15: Giỏ hàng chưa có sản phẩm nào | D15: 1. Truy cập trang giỏ hàng khi chưa thêm sản phẩm nào | E15: N/A | F15: Hiển thị thông báo "Giỏ hàng trống", gợi ý quay lại mua sắm, không hiển thị nút "Thanh toán"
A16: CART-06 | B16: Nhập số lượng sản phẩm không hợp lệ (0, âm, ký tự) | C16: Giỏ hàng có ít nhất 1 sản phẩm | D16: 1. Nhập số lượng = 0 hoặc số âm hoặc ký tự chữ vào ô quantity 2. Quan sát phản hồi hệ thống | E16: Quantity: 0 / -1 / "abc" | F16: Hệ thống validate và từ chối giá trị không hợp lệ, giữ nguyên hoặc reset về giá trị hợp lệ gần nhất (VD: min = 1), hiển thị thông báo lỗi nếu cần
A17: CART-07 | B17: Thêm sản phẩm vượt quá số lượng tồn kho | C17: Sản phẩm có giới hạn tồn kho | D17: 1. Nhập/tăng số lượng sản phẩm vượt quá số lượng tồn kho hiện có 2. Nhấn "Thêm vào giỏ" hoặc cập nhật quantity | E17: Stock: 5 Quantity nhập: 10 | F17: Hệ thống hiển thị thông báo "Số lượng vượt quá hàng tồn kho", giới hạn quantity tối đa = số lượng tồn kho
A18: CART-08 | B18: Kiểm tra tính đúng của tổng tiền giỏ hàng (Subtotal/Total) | C18: Giỏ hàng có nhiều hơn 1 sản phẩm với số lượng khác nhau | D18: 1. Thêm nhiều sản phẩm với số lượng khác nhau vào giỏ 2. Kiểm tra thành tiền từng dòng và tổng tiền cuối cùng | E18: SP1: 2 x 500,000 SP2: 1 x 300,000 | F18: Thành tiền từng sản phẩm = đơn giá x số lượng; Tổng tiền giỏ hàng = tổng các thành tiền, khớp chính xác với kết quả tính toán mong đợi
A19: CART-09 | B19: Giỏ hàng được lưu giữ sau khi đăng xuất và đăng nhập lại | C19: User đã đăng nhập và có sản phẩm trong giỏ hàng | D19: 1. Thêm sản phẩm vào giỏ 2. Đăng xuất 3. Đăng nhập lại bằng cùng tài khoản 4. Kiểm tra giỏ hàng | E19: Product đã thêm trước đó | F19: Giỏ hàng vẫn giữ nguyên các sản phẩm đã thêm trước khi đăng xuất (đối với hệ thống lưu cart theo tài khoản)
A20: CART-10 | B20: Giỏ hàng của Guest (chưa đăng nhập) được giữ khi F5/reload trang | C20: User chưa đăng nhập, đã thêm sản phẩm vào giỏ | D20: 1. Thêm sản phẩm vào giỏ khi chưa đăng nhập 2. Reload (F5) lại trang | E20: Product đã thêm trước đó | F20: Giỏ hàng vẫn giữ nguyên dữ liệu sau khi reload (nếu hệ thống lưu cart qua localStorage/session)
A21: CART-11 | B21: Điều hướng từ giỏ hàng sang trang thanh toán (Checkout) | C21: Giỏ hàng có ít nhất 1 sản phẩm | D21: 1. Truy cập trang giỏ hàng 2. Nhấn nút "Tiến hành thanh toán" | E21: N/A | F21: Điều hướng chính xác đến trang Checkout, thông tin sản phẩm/tổng tiền được truyền đúng sang trang thanh toán
A22: CART-12 | B22: Sản phẩm hết hàng khi đang nằm trong giỏ | C22: Sản phẩm trong giỏ hàng bị hết hàng (do hệ thống cập nhật tồn kho) | D22: 1. Sản phẩm trong giỏ chuyển trạng thái hết hàng 2. Truy cập lại trang giỏ hàng | E22: Product status: Out of stock | F22: Hệ thống hiển thị cảnh báo sản phẩm hết hàng, disable/loại bỏ khỏi phần tính tổng tiền, không cho phép thanh toán sản phẩm đó
A23: CART-13 | B23: Kiểm tra dữ liệu hiển thị chi tiết từng sản phẩm trong giỏ | C23: Giỏ hàng có sản phẩm | D23: 1. Truy cập trang giỏ hàng 2. Kiểm tra thông tin hiển thị: tên, hình ảnh, đơn giá, số lượng, thành tiền của từng sản phẩm | E23: Product: "Laptop Dell" | F23: Thông tin hiển thị (tên, ảnh, giá, số lượng, thành tiền) khớp chính xác với dữ liệu thực tế của sản phẩm đã thêm

Sheet 5. Form Validation
B2: FORM VALIDATION
B4: Back to TestReport | C4: =HYPERLINK("#'Test case List'!A1","Test case List") -> Test case List | G4: Total | H4: =COUNTIF($A$11:$A$834, "VALIDATION*") -> 17
B5: Module Code | C5: WEB-VALIDATION | G5: Pass | H5: =(COUNTIF(H11:H20,"Pass")) -> 0
B6: Tester | G6: Fail | H6: =(COUNTIF(H11:H20,"Fail")) -> 0
G7: Untest | H7: =(COUNTIF(H11:H20,"Untest")) -> 0
B8: Percent Complete: | C8: =ROUND((H5 / (H4-H8))*100,2)&"%" -> 0% | G8: N/A | H8: =(COUNTIF(H11:H20,"N/A")) -> 0
A10: Test case ID | B10: Test Case Name | C10: Pre-Condition | D10: Test Case Steps | E10: Test Data | F10: Expected Output | G10: Bug ID | H10: Actual Result | I10: Note
A11: VALIDATION-01 | B11: Bỏ trống trường bắt buộc (Required field) | C11: User đang ở trang có form nhập liệu | D11: 1. Để trống 1 hoặc nhiều trường bắt buộc (có dấu *) 2. Nhấn nút Submit | E11: Field: Họ tên = (trống) | F11: Hiển thị thông báo lỗi "Trường này là bắt buộc" ngay tại field tương ứng, không cho submit form
A12: VALIDATION-02 | B12: Nhập email sai định dạng | C12: User đang ở form có field email | D12: 1. Nhập email sai định dạng 2. Nhấn Submit hoặc rời khỏi field (blur) | E12: email: "abc.com", "abc@", "abc@@test.com" | F12: Hiển thị thông báo lỗi "Email không đúng định dạng", không cho submit form
A13: VALIDATION-03 | B13: Nhập số điện thoại sai định dạng | C13: User đang ở form có field số điện thoại | D13: 1. Nhập số điện thoại chứa chữ, thiếu số, hoặc sai độ dài 2. Nhấn Submit | E13: phone: "abc123", "0123", "0912345" (thiếu số) | F13: Hiển thị thông báo lỗi "Số điện thoại không hợp lệ", không cho submit form
A14: VALIDATION-04 | B14: Nhập dữ liệu vượt quá độ dài cho phép (Max length) | C14: User đang ở form nhập liệu | D14: 1. Nhập dữ liệu vượt quá số ký tự tối đa cho phép của field 2. Nhấn Submit | E14: Field: Họ tên = chuỗi 500 ký tự | F14: Hệ thống giới hạn số ký tự nhập vào (maxlength chặn không cho gõ thêm) hoặc hiển thị lỗi "Vượt quá độ dài cho phép"
A15: VALIDATION-05 | B15: Nhập dữ liệu ít hơn độ dài tối thiểu (Min length) | C15: User đang ở form có field yêu cầu độ dài tối thiểu (VD: password) | D15: 1. Nhập dữ liệu ít hơn số ký tự tối thiểu quy định 2. Nhấn Submit | E15: password: "123" (yêu cầu tối thiểu 8 ký tự) | F15: Hiển thị thông báo lỗi "Tối thiểu X ký tự", không cho submit form
A16: VALIDATION-06 | B16: Nhập ký tự đặc biệt/số vào field chỉ cho phép chữ | C16: User đang ở form có field dạng text-only (VD: Họ tên) | D16: 1. Nhập số hoặc ký tự đặc biệt vào field chỉ cho phép chữ cái 2. Nhấn Submit | E16: Field: Họ tên = "Nguyen123!@#" | F16: Hiển thị thông báo lỗi "Chỉ được nhập chữ cái", không cho submit form (tùy theo spec cho phép ký tự gì)
A17: VALIDATION-07 | B17: Nhập ký tự chữ vào field chỉ cho phép số | C17: User đang ở form có field dạng number-only (VD: tuổi, số lượng) | D17: 1. Nhập chữ cái vào field chỉ cho phép số 2. Nhấn Submit | E17: Field: Tuổi = "abc" | F17: Hệ thống chặn không cho nhập ký tự chữ, hoặc hiển thị thông báo lỗi "Chỉ được nhập số"
A18: VALIDATION-08 | B18: Nhập ngày tháng sai định dạng / không hợp lệ | C18: User đang ở form có field ngày tháng (VD: ngày sinh) | D18: 1. Nhập ngày tháng sai định dạng hoặc không tồn tại 2. Nhấn Submit | E18: date: "32/13/2025", "31/02/2025" | F18: Hiển thị thông báo lỗi "Ngày không hợp lệ", không cho submit form
A19: VALIDATION-09 | B19: Chọn ngày sinh khiến tuổi không hợp lệ (business rule) | C19: User đang ở form có field ngày sinh với ràng buộc độ tuổi | D19: 1. Chọn ngày sinh khiến tuổi < độ tuổi tối thiểu quy định (VD: dưới 18) 2. Nhấn Submit | E19: date of birth: hôm nay - 10 năm | F19: Hiển thị thông báo lỗi "Bạn phải đủ 18 tuổi trở lên", không cho submit form
A20: VALIDATION-10 | B20: Nhập khoảng trắng thừa ở đầu/cuối input | C20: User đang ở form nhập liệu | D20: 1. Nhập dữ liệu có khoảng trắng thừa ở đầu/cuối 2. Nhấn Submit | E20: Field: Họ tên = " Nguyen Van A " | F20: Hệ thống tự động trim khoảng trắng thừa trước khi lưu/submit, dữ liệu lưu vào hệ thống không có khoảng trắng thừa
A21: VALIDATION-11 | B21: Nhập chỉ toàn khoảng trắng vào field bắt buộc | C21: User đang ở form nhập liệu | D21: 1. Nhập chỉ dấu cách vào field bắt buộc 2. Nhấn Submit | E21: Field: Họ tên = " " | F21: Hệ thống coi như field trống, hiển thị thông báo lỗi "Trường này là bắt buộc"
A22: VALIDATION-12 | B22: Kiểm tra validate real-time khi rời khỏi field (on blur) | C22: User đang ở form nhập liệu | D22: 1. Click vào 1 field 2. Nhập dữ liệu không hợp lệ 3. Click ra ngoài field (không submit form) | E22: email: "invalidemail" | F22: Hệ thống hiển thị thông báo lỗi ngay khi rời khỏi field (không cần đợi submit), giúp user biết lỗi sớm
... A27: VALIDATION-17 | B27: Submit form thành công khi tất cả dữ liệu hợp lệ | C27: User đã nhập đầy đủ và đúng định dạng tất cả các trường | D27: 1. Nhập đầy đủ thông tin hợp lệ vào toàn bộ các trường 2. Nhấn Submit | E27: Tất cả field: dữ liệu hợp lệ | F27: Form submit thành công, không hiển thị lỗi validate nào, dữ liệu được lưu/xử lý đúng như mong đợi

Sheet Test Report
B1: TEST REPORT
B3: Project Name | C3: =Cover!C4 -> Hybrid framework | E3: Creator | H3: =[1]Cover!G4 -> ThanhVu
B4: Project Code | C4: =Cover!C5 -> DA4 | E4: Reviewer/Approver
B5: Document Code | C5: =C4&"_"&"Test Report"&"_"&"vx.x" -> DA4_Test Report_vx.x | E5: Issue Date | I5: 23/09/26
B6: Notes
B10: No | C10: Module code | D10: Passed | E10: Failed | F10: Untest | G10: Not Avaiable | H10: Number of test cases
B11: 1 | C11: Login | D11: ='1. Login'!H5 -> 0 | E11: ='1. Login'!H6 -> 0 | F11: ='1. Login'!H7 -> 0 | G11: ='1. Login'!H8 -> 0 | H11: ='1. Login'!H4 -> 14
B12: 2 | C12: Register | D12: ='2. Register'!H5 -> 0 | E12: ='2. Register'!H6 -> 0 | F12: ='2. Register'!H7 -> 0 | G12: ='2. Register'!H8 -> 0 | H12: ='2. Register'!H4 -> 13
B13: 3 | C13: Search | D13: ='3. Search'!H5 -> 0 | E13: ='3. Search'!H6 -> 0 | F13: ='3. Search'!H7 -> 0 | G13: ='3. Search'!H8 -> 0 | H13: ='3. Search'!H4 -> 18
B14: 4 | C14: Shopping Cart | D14: ='4. Shopping Cart '!H5 -> 0 | E14: ='4. Shopping Cart '!H6 -> 0 | F14: ='4. Shopping Cart '!H7 -> 0 | G14: ='4. Shopping Cart '!H8 -> 0 | H14: ='4. Shopping Cart '!H4 -> 13
B15: 5 | C15: Form Validation | D15: ='5. Form Validation'!H5 -> 0 | E15: ='5. Form Validation'!H6 -> 0 | F15: ='5. Form Validation'!H7 -> 0 | G15: ='5. Form Validation'!H8 -> 0 | H15: ='5. Form Validation'!H4 -> 17
C17: Sub total | D17: =SUM(D11:D15) -> 0 | E17: =SUM(E11:E15) -> 0 | F17: =SUM(F11:F15) -> 0 | G17: =SUM(G11:G15) -> 0 | H17: =SUM(H11:H15) -> 75
C19: Test coverage | D19: =ROUND((D17+E17)*100/H17,2) -> 0 | E19: %
C20: Test successful coverage | D20: =D17*100/(D17+E17) -> #DIV/0! | E20: %
